<?xml version='1.0'?>
<home version='6400' exportFlags='17' name='model.sh3d' camera='observerCamera' selectedLevel='level-f0e822ed-2131-4058-a0be-5988e77fda71' wallHeight='250.0'>
  <environment groundColor='00A8A8A8' skyColor='00CCE4FC' lightColor='00D0D0D0'>
    <texture attribute='groundTexture' name='Grass' creator='Emmanuel Puybaret' catalogId='Puybaret#grass2' width='50.0' height='50.0' angle='0.17453292' image='0'/>
    <texture attribute='skyTexture' name='Cloudy' creator='eTeks' catalogId='eTeks#cloudy' width='100.0' height='27.6' image='1'/>
  </environment>
  <observerCamera attribute='observerCamera' lens='PINHOLE' x='586.2451' y='545.78143' z='170.0' yaw='13.97932' pitch='0.2207959' fieldOfView='1.0995575' time='1601726400000' fixedSize='true'/>
  <camera attribute='topCamera' lens='PINHOLE' x='1061.1912' y='782.3462' z='934.54456' yaw='21.011675' pitch='0.7757971' fieldOfView='1.0995575' time='1601726400000'/>
  <level id='level-20916886-3c32-41c4-b571-9aee3d2dd964' name='Basement' elevation='-262.0' floorThickness='12.0' height='250.0' elevationIndex='0'/>
  <level id='level-f0e822ed-2131-4058-a0be-5988e77fda71' name='Ground floor' elevation='0.0' floorThickness='12.0' height='250.0' elevationIndex='0'/>
  <level id='level-ddf4558e-d152-4859-b349-df8b3333cfce' name='1st floor' elevation='262.0' floorThickness='12.0' height='250.0' elevationIndex='0' visible='false'/>
  <doorOrWindow level='level-f0e822ed-2131-4058-a0be-5988e77fda71' catalogId='eTeks#doorFrame' name='Door frame' creator='eTeks' model='3' x='357.91336' y='391.99997' angle='6.283185' width='91.5' depth='15.200749' height='208.5' modelSize='1281' movable='false' cutOutShape='M0,0 v1 h1 v-1 z' wallCutOutOnBothSides='true'/>
  <doorOrWindow level='level-ddf4558e-d152-4859-b349-df8b3333cfce' catalogId='eTeks#doorFrame' name='Door frame' creator='eTeks' model='3' x='187.99991' y='133.21164' angle='4.712389' width='77.0' depth='10.134083' height='208.5' modelSize='1281' movable='false' cutOutShape='M0,0 v1 h1 v-1 z' wallCutOutOnBothSides='true'/>
  <doorOrWindow level='level-ddf4558e-d152-4859-b349-df8b3333cfce' catalogId='eTeks#doorFrame' name='Door frame' creator='eTeks' model='3' x='187.99991' y='337.45114' angle='4.712389' width='77.0' depth='10.134083' height='208.5' modelSize='1281' movable='false' cutOutShape='M0,0 v1 h1 v-1 z' wallCutOutOnBothSides='true'/>
  <doorOrWindow level='level-ddf4558e-d152-4859-b349-df8b3333cfce' catalogId='eTeks#openDoor' name='Open door' creator='eTeks' model='5' x='492.9955' y='227.54456' angle='4.712389' width='87.0' depth='64.65573' height='208.5' modelSize='14055' movable='false' cutOutShape='M0,0 v1 h1 v-1 z' wallCutOutOnBothSides='true'/>
  <doorOrWindow level='level-ddf4558e-d152-4859-b349-df8b3333cfce' catalogId='eTeks#openDoor' name='Open door' creator='eTeks' model='5' x='278.0047' y='422.2455' width='87.0' depth='64.65573' height='208.5' modelMirrored='true' modelSize='14055' movable='false' cutOutShape='M0,0 v1 h1 v-1 z' wallCutOutOnBothSides='true'/>
  <doorOrWindow level='level-ddf4558e-d152-4859-b349-df8b3333cfce' catalogId='eTeks#openDoor' name='Open door' creator='eTeks' model='5' x='400.5484' y='422.2455' width='87.0' depth='64.65573' height='208.5' modelSize='14055' movable='false' cutOutShape='M0,0 v1 h1 v-1 z' wallCutOutOnBothSides='true'/>
  <doorOrWindow level='level-f0e822ed-2131-4058-a0be-5988e77fda71' catalogId='eTeks#doorFrame' name='Door frame' creator='eTeks' model='3' x='258.9999' y='139.56445' angle='4.712389' width='82.0' depth='12.667416' height='208.5' modelSize='1281' movable='false' cutOutShape='M0,0 v1 h1 v-1 z' wallCutOutOnBothSides='true'/>
  <doorOrWindow level='level-f0e822ed-2131-4058-a0be-5988e77fda71' catalogId='eTeks#doorFrame' name='Door frame' creator='eTeks' model='3' x='259.0001' y='337.45114' angle='1.5707964' width='77.0' depth='12.667416' height='208.5' modelSize='1281' movable='false' cutOutShape='M0,0 v1 h1 v-1 z' wallCutOutOnBothSides='true'/>
  <doorOrWindow level='level-20916886-3c32-41c4-b571-9aee3d2dd964' catalogId='eTeks#doorFrame' name='Door frame' creator='eTeks' model='3' x='396.56378' y='391.99988' angle='7.305225E-8' width='87.0' depth='19.00075' height='208.5' modelSize='1281' movable='false' cutOutShape='M0,0 v1 h1 v-1 z' wallCutOutOnBothSides='true'/>
  <doorOrWindow level='level-20916886-3c32-41c4-b571-9aee3d2dd964' catalogId='eTeks#door' name='Door' creator='eTeks' model='7' x='255.19604' y='330.56775' angle='1.5707964' width='87.0' depth='97.78801' height='208.5' modelMirrored='true' modelSize='14086' movable='false' cutOutShape='M0,0 v1 h1 v-1 z' wallCutOutOnBothSides='true'>
    <transformation name='sweethome3d_hinge_1' matrix='0.06758195 0 -1.9953483 -0.32635638 0 1 0 0 0.49887663 0 0.06758197 0.23161222'/>
  </doorOrWindow>
  <doorOrWindow level='level-20916886-3c32-41c4-b571-9aee3d2dd964' catalogId='eTeks#door' name='Door' creator='eTeks' model='7' x='204.82515' y='450.46048' angle='1.5707963' width='96.16599' depth='98.52983' height='208.5' modelSize='14086' movable='false' cutOutShape='M0,0 v1 h1 v-1 z' wallCutOutOnBothSides='true' wallWidth='0.90468574' wallLeft='0.095314406'>
    <transformation name='sweethome3d_hinge_1' matrix='-0.07001579 0 -1.9950128 -0.38291866 0 1 0 0 0.4987927 0 -0.07001577 0.23549926'/>
  </doorOrWindow>
  <pieceOfFurniture level='level-20916886-3c32-41c4-b571-9aee3d2dd964' catalogId='eTeks#clothesWasher' name='Clothes washer' creator='eTeks' model='9' x='282.5' y='747.99994' angle='3.1415927' width='60.0' depth='63.0' height='85.0' modelSize='24815'/>
  <pieceOfFurniture level='level-20916886-3c32-41c4-b571-9aee3d2dd964' catalogId='eTeks#clothesWasher' name='Clothes washer' creator='eTeks' model='9' x='282.5' y='747.99994' elevation='85.0' angle='3.1415927' width='60.0' depth='63.0' height='85.0' modelSize='24815'/>
  <doorOrWindow level='level-20916886-3c32-41c4-b571-9aee3d2dd964' catalogId='eTeks#door' name='Door' creator='eTeks' model='7' x='8.333283' y='330.60913' angle='4.712389' width='87.0' depth='48.334087' height='208.5' modelSize='14086' movable='false' cutOutShape='M0,0 v1 h1 v-1 z' wallCutOutOnBothSides='true'/>
  <pieceOfFurniture level='level-f0e822ed-2131-4058-a0be-5988e77fda71' catalogId='Bettinelli#AtorHaut' name='Stove' creator='Gaël Bettinelli' model='11/AtorHaut.obj' x='742.76025' y='425.65045' width='60.2' depth='52.8' height='203.1' modelSize='261621' movable='false'/>
  <pieceOfFurniture level='level-f0e822ed-2131-4058-a0be-5988e77fda71' catalogId='Pastierovic#cabinet' name='Gray cabinet' creator='Robert Pastierovic' model='13' x='74.0' y='45.0' width='80.0' depth='62.0' height='86.0' modelSize='6487'>
    <material name='grey' color='FFFFFFFF'/>
    <material name='white'>
      <texture name='Marble' creator='eTeks' catalogId='eTeks#marbleWall' width='50.0' height='50.0' image='14'/>
    </material>
  </pieceOfFurniture>
  <pieceOfFurniture level='level-f0e822ed-2131-4058-a0be-5988e77fda71' catalogId='Pastierovic#cabinetWithBasin' name='Gray cabinet with basin' creator='Robert Pastierovic' model='16' x='154.0' y='45.0' width='80.0' depth='62.0' height='99.0' modelSize='21378'>
    <material name='grey' color='FFFFFFFF'/>
    <material name='white'>
      <texture name='Marble' creator='eTeks' catalogId='eTeks#marbleWall' width='50.0' height='50.0' image='14'/>
    </material>
  </pieceOfFurniture>
  <pieceOfFurniture level='level-f0e822ed-2131-4058-a0be-5988e77fda71' catalogId='Pastierovic#drawers' name='Gray drawers' creator='Robert Pastierovic' model='18' x='34.0' y='45.0' width='40.0' depth='62.0' height='86.0' modelSize='7652'>
    <material name='grey' color='FFFDFDFD'/>
    <material name='white'>
      <texture name='Marble' creator='eTeks' catalogId='eTeks#marbleWall' width='50.0' height='50.0' image='14'/>
    </material>
  </pieceOfFurniture>
  <pieceOfFurniture level='level-f0e822ed-2131-4058-a0be-5988e77fda71' catalogId='Pastierovic#drawers' name='Gray drawers' creator='Robert Pastierovic' model='18' x='45.0' y='92.71686' angle='4.712389' width='40.0' depth='62.0' height='86.0' modelSize='7652'>
    <material name='grey' color='FFFDFDFD'/>
    <material name='white'>
      <texture name='Marble' creator='eTeks' catalogId='eTeks#marbleWall' width='50.0' height='50.0' image='14'/>
    </material>
  </pieceOfFurniture>
  <pieceOfFurniture level='level-f0e822ed-2131-4058-a0be-5988e77fda71' catalogId='Pastierovic#cabinet' name='Gray cabinet' creator='Robert Pastierovic' model='13' x='45.17035' y='226.00002' angle='4.712389' width='80.0' depth='62.0' height='86.0' modelSize='6487'>
    <material name='grey' color='FFFFFFFF'/>
    <material name='white'>
      <texture name='Marble' creator='eTeks' catalogId='eTeks#marbleWall' width='50.0' height='50.0' image='14'/>
    </material>
  </pieceOfFurniture>
  <pieceOfFurniture level='level-f0e822ed-2131-4058-a0be-5988e77fda71' catalogId='Pastierovic#drawers' name='Gray drawers' creator='Robert Pastierovic' model='18' x='45.000004' y='149.21686' angle='4.712389' width='74.0' depth='62.0' height='86.0' modelSize='7652'>
    <material name='grey' color='FFFDFDFD'/>
    <material name='white'>
      <texture name='Marble' creator='eTeks' catalogId='eTeks#marbleWall' width='50.0' height='50.0' image='14'/>
    </material>
  </pieceOfFurniture>
  <pieceOfFurniture level='level-f0e822ed-2131-4058-a0be-5988e77fda71' catalogId='Puybaret#ceramicHob' name='Ceramic hob' creator='Emmanuel Puybaret' model='20/ceramicHob.obj' x='40.0' y='149.7223' elevation='86.0' angle='4.712389' width='60.0' depth='52.0' height='0.90000004' modelSize='20674'/>
  <pieceOfFurniture level='level-f0e822ed-2131-4058-a0be-5988e77fda71' catalogId='Pastierovic#drawers' name='Gray drawers' creator='Robert Pastierovic' model='18' x='93.30608' y='235.00002' angle='3.1415925' width='40.0' depth='62.0' height='86.0' modelSize='7652'>
    <material name='grey' color='FFFDFDFD'/>
    <material name='white'>
      <texture name='Marble' creator='eTeks' catalogId='eTeks#marbleWall' width='50.0' height='50.0' image='14'/>
    </material>
  </pieceOfFurniture>
  <pieceOfFurniture level='level-f0e822ed-2131-4058-a0be-5988e77fda71' catalogId='Omari#oven' name='Oven' creator='Ben Omari' model='22/oven_Scene.obj' x='144.07507' y='234.80002' elevation='45.0' angle='3.1415925' width='58.0' depth='62.4' height='55.0' modelSize='6704'/>
  <pieceOfFurniture level='level-f0e822ed-2131-4058-a0be-5988e77fda71' catalogId='Omari#oven' name='Oven' creator='Ben Omari' model='22/oven_Scene.obj' x='144.52374' y='234.80002' elevation='100.0' angle='3.1415925' width='58.0' depth='62.4' height='45.0' modelSize='6704'/>
  <pieceOfFurniture level='level-f0e822ed-2131-4058-a0be-5988e77fda71' catalogId='Pastierovic#upperCabinet' name='Gray upper cabinet' creator='Robert Pastierovic' model='24' x='144.52374' y='234.75002' elevation='145.0' angle='3.1415925' width='58.0' depth='62.5' height='60.5' modelSize='3577'>
    <material name='grey' color='FFFDFDFD'/>
  </pieceOfFurniture>
  <pieceOfFurniture level='level-f0e822ed-2131-4058-a0be-5988e77fda71' catalogId='Pastierovic#upperCabinet' name='Gray upper cabinet' creator='Robert Pastierovic' model='24' x='143.07507' y='234.75002' angle='3.1415925' width='60.0' depth='62.5' height='45.0' modelSize='3577'>
    <material name='grey' color='FFFDFDFD'/>
  </pieceOfFurniture>
  <pieceOfFurniture level='level-f0e822ed-2131-4058-a0be-5988e77fda71' catalogId='Pencilart#dishwasher' name='Dishwasher' creator='Pencilart' model='26/dishwasher.obj' x='224.0' y='45.0' width='60.0' depth='62.0' height='83.0' modelSize='9467'/>
  <pieceOfFurniture level='level-f0e822ed-2131-4058-a0be-5988e77fda71' catalogId='Pastierovic#cabinet' name='Gray cabinet' creator='Robert Pastierovic' model='13' x='213.30609' y='235.0' angle='3.1415927' width='80.0' depth='62.0' height='43.0' modelSize='6487'>
    <material name='grey' color='FFFFFFFF'/>
    <material name='white' color='FFFAFAFA'/>
  </pieceOfFurniture>
  <pieceOfFurniture level='level-f0e822ed-2131-4058-a0be-5988e77fda71' catalogId='Pastierovic#cabinet' name='Gray cabinet' creator='Robert Pastierovic' model='13' x='213.07507' y='235.0' elevation='43.0' angle='3.1415927' width='80.0' depth='62.0' height='43.0' modelSize='6487'>
    <material name='flltgrey' color='FFFFFFFF'/>
    <material name='grey' color='FFFFFFFF'/>
    <material name='white' color='FFFAFAFA'/>
  </pieceOfFurniture>
  <pieceOfFurniture level='level-f0e822ed-2131-4058-a0be-5988e77fda71' catalogId='Pastierovic#drawers' name='Gray drawers' creator='Robert Pastierovic' model='18' x='193.52374' y='235.0' elevation='86.0' angle='3.1415927' width='40.0' depth='62.0' height='60.0' modelSize='7652'>
    <material name='flltgrey' color='FFFFFFFF'/>
    <material name='grey' color='FFFDFDFD'/>
    <material name='white' color='FFFCFCFC'/>
  </pieceOfFurniture>
  <pieceOfFurniture level='level-f0e822ed-2131-4058-a0be-5988e77fda71' catalogId='Pastierovic#drawers' name='Gray drawers' creator='Robert Pastierovic' model='18' x='233.52374' y='235.0' elevation='86.0' angle='3.1415927' width='40.0' depth='62.0' height='60.0' modelSize='7652'>
    <material name='flltgrey' color='FFFFFFFF'/>
    <material name='grey' color='FFFDFDFD'/>
    <material name='white' color='FFFCFCFC'/>
  </pieceOfFurniture>
  <pieceOfFurniture level='level-f0e822ed-2131-4058-a0be-5988e77fda71' catalogId='Pastierovic#upperCabinet' name='Gray upper cabinet' creator='Robert Pastierovic' model='24' x='213.52374' y='234.75' elevation='145.0' angle='3.1415925' width='80.0' depth='62.5' height='60.100002' modelSize='3577'>
    <material name='grey' color='FFFDFDFD'/>
  </pieceOfFurniture>
  <pieceOfFurniture level='level-f0e822ed-2131-4058-a0be-5988e77fda71' catalogId='Pastierovic#upperCabinet' name='Gray upper cabinet' creator='Robert Pastierovic' model='24' x='36.000004' y='118.64011' elevation='165.0' angle='4.712389' width='60.0' depth='44.0' height='60.100002' modelSize='3577'>
    <material name='grey' color='FFFFFFFF'/>
  </pieceOfFurniture>
  <pieceOfFurniture level='level-f0e822ed-2131-4058-a0be-5988e77fda71' catalogId='Pastierovic#upperCabinet' name='Gray upper cabinet' creator='Robert Pastierovic' model='24' x='36.000004' y='178.6401' elevation='165.0' angle='4.712389' width='60.0' depth='44.0' height='60.100002' modelSize='3577'>
    <material name='grey' color='FFFFFFFF'/>
  </pieceOfFurniture>
  <pieceOfFurniture level='level-f0e822ed-2131-4058-a0be-5988e77fda71' catalogId='eTeks#texturableBox' name='Box' creator='eTeks' model='28/texturableBox.obj' x='224.0' y='43.5' elevation='83.0' width='60.0' depth='59.0' height='3.0' modelSize='1661'>
    <material name='back' shininess='0.515625'>
      <texture name='Marble' creator='eTeks' catalogId='eTeks#marbleWall' width='50.0' height='50.0' image='14'/>
    </material>
    <material name='bottom' shininess='0.515625'>
      <texture name='Marble' creator='eTeks' catalogId='eTeks#marbleWall' width='50.0' height='50.0' image='14'/>
    </material>
    <material name='front' shininess='0.515625'>
      <texture name='Marble' creator='eTeks' catalogId='eTeks#marbleWall' width='50.0' height='50.0' image='14'/>
    </material>
    <material name='left' shininess='0.515625'>
      <texture name='Marble' creator='eTeks' catalogId='eTeks#marbleWall' width='50.0' height='50.0' image='14'/>
    </material>
    <material name='right' shininess='0.515625'>
      <texture name='Marble' creator='eTeks' catalogId='eTeks#marbleWall' width='50.0' height='50.0' image='14'/>
    </material>
    <material name='top' shininess='0.515625'>
      <texture name='Marble' creator='eTeks' catalogId='eTeks#marbleWall' width='50.0' height='50.0' image='14'/>
    </material>
  </pieceOfFurniture>
  <pieceOfFurniture level='level-f0e822ed-2131-4058-a0be-5988e77fda71' catalogId='eTeks#texturableBox' name='Box' creator='eTeks' model='28/texturableBox.obj' x='114.07507' y='237.00002' angle='3.1415925' width='2.0' depth='58.0' height='205.0' color='FFFCFCFC' modelSize='1661'/>
  <doorOrWindow level='level-f0e822ed-2131-4058-a0be-5988e77fda71' catalogId='RonnieTantriady#glassblock' name='Glass blocks' creator='RonnieTantriady' model='30/glassblock.obj' x='716.34875' y='2.0599691E-7' angle='3.1415927' width='21.0' depth='28.00075' height='200.0' modelSize='299037' movable='false' cutOutShape='M0,0 v1 h1 v-1 z' wallCutOutOnBothSides='true'/>
  <doorOrWindow level='level-f0e822ed-2131-4058-a0be-5988e77fda71' catalogId='RonnieTantriady#glassblock' name='Glass blocks' creator='RonnieTantriady' model='30/glassblock.obj' x='695.34875' y='-2.2144576E-8' width='21.0' depth='28.00075' height='200.0' modelSize='299037' movable='false' cutOutShape='M0,0 v1 h1 v-1 z' wallCutOutOnBothSides='true'/>
  <doorOrWindow level='level-f0e822ed-2131-4058-a0be-5988e77fda71' catalogId='OlaKristianHoff#door_window_thick' name='Door window' creator='Ola-Kristian Hoff' model='32/door_window_thick.obj' x='773.18823' y='2.512822' width='80.0' depth='33.026394' height='210.0' modelMirrored='true' modelSize='11707' movable='false' cutOutShape='M0,0 v1 h1 v-1 z' wallCutOutOnBothSides='true'>
    <material name='Frame_in' color='FFB40000'/>
    <material name='Frame_out' color='FFB40000'/>
  </doorOrWindow>
  <pieceOfFurniture level='level-f0e822ed-2131-4058-a0be-5988e77fda71' catalogId='eTeks#texturableBox' name='Box' creator='eTeks' model='28/texturableBox.obj' x='14.5' y='140.0' elevation='86.0' angle='4.712389' width='252.0' depth='1.0' height='78.0' modelSize='1661'>
    <texture name='Marble' creator='eTeks' catalogId='eTeks#marbleWall' width='50.0' height='50.0' image='14'/>
  </pieceOfFurniture>
  <pieceOfFurniture level='level-f0e822ed-2131-4058-a0be-5988e77fda71' catalogId='eTeks#texturableBox' name='Box' creator='eTeks' model='28/texturableBox.obj' x='134.0' y='265.5' elevation='86.0' angle='3.1415925' width='240.0' depth='1.0' height='78.0' modelSize='1661'>
    <texture name='Marble' creator='eTeks' catalogId='eTeks#marbleWall' width='50.0' height='50.0' image='14'/>
  </pieceOfFurniture>
  <pieceOfFurniture level='level-f0e822ed-2131-4058-a0be-5988e77fda71' name='staircase_90_bottom_mod' model='34/staircase_90_bottom_mod.obj' x='642.0' y='336.0' angle='4.712389' width='100.0' depth='362.0' height='346.0' modelSize='47353' movable='false' staircaseCutOutShape='M0,0 v1 h1 v-1 z'>
    <material name='Handrail_right'>
      <texture name='1K-wood_fine_15-diffuse' width='140.65935' height='100.0' angle='1.5707964' scale='2.0' image='35'/>
    </material>
    <material name='Stringer'>
      <texture name='1K-wood_fine_15-diffuse' width='140.65935' height='100.0' angle='1.5707964' scale='2.0' image='35'/>
    </material>
    <material name='Tread'>
      <texture name='1K-wood_fine_15-diffuse' width='140.65935' height='100.0' angle='1.5707964' scale='2.0' image='35'/>
    </material>
  </pieceOfFurniture>
  <doorOrWindow level='level-20916886-3c32-41c4-b571-9aee3d2dd964' catalogId='eTeks#doorFrame' name='Door frame' creator='eTeks' model='3' x='769.6118' y='271.9581' width='91.5' depth='15.200749' height='208.5' modelSize='1281' movable='false' cutOutShape='M0,0 v1 h1 v-1 z' wallCutOutOnBothSides='true'/>
  <doorOrWindow level='level-f0e822ed-2131-4058-a0be-5988e77fda71' catalogId='RonnieTantriady#glassblock' name='Glass blocks' creator='RonnieTantriady' model='30/glassblock.obj' x='648.5' y='-50.28763' angle='4.712389' width='21.0' depth='28.00075' height='200.0' modelSize='299037' movable='false' cutOutShape='M0,0 v1 h1 v-1 z' wallCutOutOnBothSides='true'/>
  <doorOrWindow level='level-f0e822ed-2131-4058-a0be-5988e77fda71' catalogId='RonnieTantriady#glassblock' name='Glass blocks' creator='RonnieTantriady' model='30/glassblock.obj' x='648.5' y='-71.28763' angle='1.5707964' width='21.0' depth='28.00075' height='200.0' modelSize='299037' movable='false' cutOutShape='M0,0 v1 h1 v-1 z' wallCutOutOnBothSides='true'/>
  <doorOrWindow level='level-f0e822ed-2131-4058-a0be-5988e77fda71' catalogId='PencilArt#fancyFrontDoor' name='Fancy front door' creator='Pencilart' model='37/fancyFrontDoor.obj' x='763.1665' y='-115.0' angle='6.283185' width='99.8' depth='42.00075' height='200.0' modelMirrored='true' modelSize='180388' movable='false' cutOutShape='M0,0 v1 h1 v-1 z' wallCutOutOnBothSides='true'/>
  <pieceOfFurniture level='level-20916886-3c32-41c4-b571-9aee3d2dd964' name='curveStaircase_mod' model='39/curveStaircase_mod.obj' x='643.2566' y='338.61478' angle='4.712389' width='100.0' depth='363.0' height='350.0' modelSize='24036' movable='false' staircaseCutOutShape='M0,0 v1 h1 v-1 z'>
    <material name='Railing'>
      <texture name='curveStaircase_mod1' width='-1.0' height='-1.0' scale='0.3' image='40'/>
    </material>
    <material name='Stairs'>
      <texture name='Gray and white carpeting' creator='Scopia' catalogId='eTeksScopia#floor-carpet-grey-and-white' width='40.0' height='40.0' angle='6.195919' scale='0.5' image='41'/>
    </material>
  </pieceOfFurniture>
  <pieceOfFurniture level='level-f0e822ed-2131-4058-a0be-5988e77fda71' name='IKEA Markor Table and Chairs' model='43/IKE010015_3ds/IKEA_Markor_Table_And_Chairs.3DS' x='451.51334' y='121.12013' width='223.40001' depth='164.5' height='96.3' modelSize='739950'>
    <material name='Material #25' color='FFFFF4E0'/>
    <material name='Material #81' color='FF1B1B1B'/>
  </pieceOfFurniture>
  <pieceOfFurniture level='level-ddf4558e-d152-4859-b349-df8b3333cfce' name='Allak Swivel Chair' model='45/IKE060017_3ds/IKEA-Allak_Swivel_Chair-3d.3DS' x='371.29657' y='83.54491' angle='3.1415927' width='53.7' depth='55.2' height='87.9' modelSize='904634'>
    <material name='02 - Default' color='FF2E2E2E'/>
  </pieceOfFurniture>
  <pieceOfFurniture level='level-f0e822ed-2131-4058-a0be-5988e77fda71' name='IKEA Ektorp Corner Sofa' model='47/model.obj' x='128.6089' y='651.70764' width='213.1948' depth='214.30731' height='80.6095' modelMirrored='true' shininess='0.0' modelSize='986452'>
    <texture name='Fabric - White' width='20.0' height='20.0' image='48'/>
  </pieceOfFurniture>
  <pieceOfFurniture level='level-f0e822ed-2131-4058-a0be-5988e77fda71' name='IKEA Hemnes Coffee Table' model='50/IKE120006_3ds/IKEA-HEMNES_coffee_table_brown-3D.3ds' x='184.55211' y='597.3815' width='90.0' depth='90.0' height='46.0' modelSize='527694'>
    <texture name='Wood - Dark' width='20.0' height='20.0' image='51'/>
  </pieceOfFurniture>
  <pieceOfFurniture level='level-f0e822ed-2131-4058-a0be-5988e77fda71' catalogId='eTeks#flatTV' name='Flat TV' creator='eTeks' model='53' x='151.70598' y='423.7518' elevation='56.0' angle='6.283185' width='121.0' depth='30.0' height='79.3' modelSize='13041'/>
  <pieceOfFurniture level='level-f0e822ed-2131-4058-a0be-5988e77fda71' catalogId='eTeks#bookcase' name='Bookcase' creator='eTeks' model='55' x='809.0' y='488.06442' angle='1.5707964' width='80.0' depth='28.0' height='202.0' modelSize='3516'>
    <material name='flbrown'>
      <texture name='1K-wood_fine_15-diffuse' width='140.65935' height='100.0' image='35'/>
    </material>
  </pieceOfFurniture>
  <pieceOfFurniture level='level-f0e822ed-2131-4058-a0be-5988e77fda71' catalogId='eTeks#bookcase' name='Bookcase' creator='eTeks' model='55' x='809.0' y='568.06445' angle='1.5707964' width='80.0' depth='28.0' height='202.0' modelSize='3516'>
    <material name='flbrown'>
      <texture name='1K-wood_fine_15-diffuse' width='140.65935' height='100.0' image='35'/>
    </material>
  </pieceOfFurniture>
  <pieceOfFurniture level='level-f0e822ed-2131-4058-a0be-5988e77fda71' name='piano' model='57/piano.obj' x='535.5183' y='425.13095' width='141.41708' depth='54.26184' height='120.912994' modelSize='659636'>
    <material name='default'>
      <texture name='1K-wood_fine_15-diffuse' width='140.65935' height='100.0' image='35'/>
    </material>
    <material name='klavierlack'>
      <texture name='1K-wood_fine_15-diffuse' width='140.65935' height='100.0' image='35'/>
    </material>
  </pieceOfFurniture>
  <doorOrWindow level='level-f0e822ed-2131-4058-a0be-5988e77fda71' name='Window 60x120' model='59/window.obj' x='111.4274' y='792.0' elevation='80.0' angle='3.1415927' width='60.0' depth='10.0' height='120.0' modelSize='337919' wallCutOutOnBothSides='true'/>
  <doorOrWindow level='level-f0e822ed-2131-4058-a0be-5988e77fda71' name='Window 60x120' model='59/window.obj' x='171.42725' y='792.0' elevation='80.0' angle='3.1415927' width='60.0' depth='10.0' height='120.0' modelSize='337919' wallCutOutOnBothSides='true'/>
  <doorOrWindow level='level-f0e822ed-2131-4058-a0be-5988e77fda71' name='Window 60x120' model='59/window.obj' x='231.42725' y='792.0' elevation='80.0' angle='3.1415927' width='60.0' depth='10.0' height='120.0' modelSize='337919' wallCutOutOnBothSides='true'/>
  <doorOrWindow level='level-f0e822ed-2131-4058-a0be-5988e77fda71' name='Window 60x120' model='59/window.obj' x='606.79675' y='792.0' elevation='70.0' angle='3.1415927' width='60.0' depth='10.0' height='130.0' modelSize='337919' wallCutOutOnBothSides='true'/>
  <doorOrWindow level='level-f0e822ed-2131-4058-a0be-5988e77fda71' name='Window 60x120' model='59/window.obj' x='666.79675' y='792.0' elevation='70.0' angle='3.1415927' width='60.0' depth='10.0' height='130.0' modelSize='337919' wallCutOutOnBothSides='true'/>
  <doorOrWindow level='level-f0e822ed-2131-4058-a0be-5988e77fda71' name='Window 60x120' model='59/window.obj' x='726.79675' y='792.0' elevation='70.0' angle='3.1415927' width='60.0' depth='10.0' height='130.0' modelSize='337919' wallCutOutOnBothSides='true'/>
  <doorOrWindow level='level-f0e822ed-2131-4058-a0be-5988e77fda71' name='Window 60x120' model='59/window.obj' x='546.79675' y='792.0' elevation='70.0' angle='3.1415927' width='60.0' depth='10.0' height='130.0' modelSize='337919' wallCutOutOnBothSides='true'/>
  <doorOrWindow level='level-f0e822ed-2131-4058-a0be-5988e77fda71' name='Window 60x120' model='59/window.obj' x='334.0483' y='1.8530371E-6' elevation='80.0' angle='4.1971912E-8' width='60.0' depth='10.0' height='120.0' modelSize='337919' wallCutOutOnBothSides='true'/>
  <doorOrWindow level='level-f0e822ed-2131-4058-a0be-5988e77fda71' name='Window 60x120' model='59/window.obj' x='394.0483' y='4.291934E-6' elevation='80.0' angle='4.1971912E-8' width='60.0' depth='10.0' height='120.0' modelSize='337919' wallCutOutOnBothSides='true'/>
  <doorOrWindow level='level-ddf4558e-d152-4859-b349-df8b3333cfce' name='Window 60x120' model='59/window.obj' x='334.0483' y='1.8530371E-6' elevation='80.0' angle='4.1971912E-8' width='60.0' depth='10.0' height='120.0' modelSize='337919' wallCutOutOnBothSides='true'/>
  <doorOrWindow level='level-ddf4558e-d152-4859-b349-df8b3333cfce' name='Window 60x120' model='59/window.obj' x='394.0483' y='4.291934E-6' elevation='80.0' angle='4.1971912E-8' width='60.0' depth='10.0' height='120.0' modelSize='337919' wallCutOutOnBothSides='true'/>
  <doorOrWindow level='level-ddf4558e-d152-4859-b349-df8b3333cfce' name='Window 60x120' model='59/window.obj' x='111.4274' y='792.0' elevation='80.0' angle='3.1415927' width='60.0' depth='10.0' height='120.0' modelSize='337919' wallCutOutOnBothSides='true'/>
  <doorOrWindow level='level-ddf4558e-d152-4859-b349-df8b3333cfce' name='Window 60x120' model='59/window.obj' x='171.42725' y='792.0' elevation='80.0' angle='3.1415927' width='60.0' depth='10.0' height='120.0' modelSize='337919' wallCutOutOnBothSides='true'/>
  <doorOrWindow level='level-ddf4558e-d152-4859-b349-df8b3333cfce' name='Window 60x120' model='59/window.obj' x='231.42725' y='792.0' elevation='80.0' angle='3.1415927' width='60.0' depth='10.0' height='120.0' modelSize='337919' wallCutOutOnBothSides='true'/>
  <doorOrWindow level='level-ddf4558e-d152-4859-b349-df8b3333cfce' name='Window 60x120' model='59/window.obj' x='546.79675' y='792.0' elevation='70.0' angle='3.1415927' width='60.0' depth='10.0' height='130.0' modelSize='337919' wallCutOutOnBothSides='true'/>
  <doorOrWindow level='level-ddf4558e-d152-4859-b349-df8b3333cfce' name='Window 60x120' model='59/window.obj' x='606.79675' y='792.0' elevation='70.0' angle='3.1415927' width='60.0' depth='10.0' height='130.0' modelSize='337919' wallCutOutOnBothSides='true'/>
  <doorOrWindow level='level-ddf4558e-d152-4859-b349-df8b3333cfce' name='Window 60x120' model='59/window.obj' x='666.79675' y='792.0' elevation='70.0' angle='3.1415927' width='60.0' depth='10.0' height='130.0' modelSize='337919' wallCutOutOnBothSides='true'/>
  <doorOrWindow level='level-ddf4558e-d152-4859-b349-df8b3333cfce' name='Door 80x180' model='61/window.obj' x='476.79675' y='792.0' elevation='10.0' angle='3.1415927' width='80.0' depth='10.0' height='190.0' modelSize='368220' wallCutOutOnBothSides='true'/>
  <doorOrWindow level='level-ddf4558e-d152-4859-b349-df8b3333cfce' name='Window 60x120' model='59/window.obj' x='757.1398' y='-2.0599691E-7' elevation='80.0' width='60.0' depth='10.0' height='120.0' modelSize='337919' wallCutOutOnBothSides='true'/>
  <doorOrWindow level='level-ddf4558e-d152-4859-b349-df8b3333cfce' name='Window 60x120' model='59/window.obj' x='697.1398' y='-2.0599691E-7' elevation='80.0' width='60.0' depth='10.0' height='120.0' modelSize='337919' wallCutOutOnBothSides='true'/>
  <doorOrWindow level='level-ddf4558e-d152-4859-b349-df8b3333cfce' name='Window 60x120' model='59/window.obj' x='637.1398' y='-2.0599691E-7' elevation='80.0' width='60.0' depth='10.0' height='120.0' modelSize='337919' wallCutOutOnBothSides='true'/>
  <doorOrWindow level='level-f0e822ed-2131-4058-a0be-5988e77fda71' catalogId='eTeks#openDoor' name='Open door' creator='eTeks' model='5' x='-62.8939' y='743.368' elevation='10.0' angle='3.1415927' width='80.0' depth='77.71829' height='190.0' modelSize='14055' movable='false' cutOutShape='M0,0 v1 h1 v-1 z' wallCutOutOnBothSides='true'>
    <transformation name='sweethome3d_hinge_1' matrix='0.88272494 0 -0.46959993 -0.0347636 0 1 0 0 0.47018027 0 0.88272494 0.19663459'/>
  </doorOrWindow>
  <doorOrWindow level='level-f0e822ed-2131-4058-a0be-5988e77fda71' name='Door 60x180' model='63/window.obj' x='486.79675' y='792.0' elevation='10.0' angle='3.1415925' width='60.0' depth='10.0' height='190.0' modelMirrored='true' modelSize='357797' wallCutOutOnBothSides='true'/>
  <doorOrWindow level='level-f0e822ed-2131-4058-a0be-5988e77fda71' name='Door 60x180' model='63/window.obj' x='426.79675' y='792.0' elevation='10.0' angle='3.1415927' width='60.0' depth='10.0' height='190.0' modelSize='357797' wallCutOutOnBothSides='true'/>
  <doorOrWindow level='level-ddf4558e-d152-4859-b349-df8b3333cfce' name='Window 60x60' model='65/window.obj' x='-2.0599691E-7' y='333.00488' elevation='140.0' angle='4.712389' width='60.0' depth='10.0' height='60.0' modelSize='324458' wallCutOutOnBothSides='true'/>
  <doorOrWindow level='level-f0e822ed-2131-4058-a0be-5988e77fda71' name='Window 60x60' model='65/window.obj' x='-2.0599691E-7' y='333.00488' elevation='140.0' angle='4.712389' width='60.0' depth='10.0' height='60.0' modelSize='324458' wallCutOutOnBothSides='true'/>
  <doorOrWindow level='level-f0e822ed-2131-4058-a0be-5988e77fda71' name='Window 60x60' model='65/window.obj' x='84.576294' y='-2.0599691E-7' elevation='140.0' width='60.0' depth='10.0' height='60.0' modelSize='324458' wallCutOutOnBothSides='true'/>
  <doorOrWindow level='level-f0e822ed-2131-4058-a0be-5988e77fda71' name='Window 60x60' model='65/window.obj' x='144.5763' y='-2.0599691E-7' elevation='140.0' width='60.0' depth='10.0' height='60.0' modelSize='324458' wallCutOutOnBothSides='true'/>
  <doorOrWindow level='level-ddf4558e-d152-4859-b349-df8b3333cfce' name='Window 60x60' model='65/window.obj' x='144.5763' y='-2.0599691E-7' elevation='140.0' width='60.0' depth='10.0' height='60.0' modelSize='324458' wallCutOutOnBothSides='true'/>
  <doorOrWindow level='level-ddf4558e-d152-4859-b349-df8b3333cfce' name='Window 60x60' model='65/window.obj' x='84.576294' y='-2.0599691E-7' elevation='140.0' width='60.0' depth='10.0' height='60.0' modelSize='324458' wallCutOutOnBothSides='true'/>
  <doorOrWindow level='level-f0e822ed-2131-4058-a0be-5988e77fda71' name='Window 60x60' model='65/window.obj' x='-293.83954' y='392.0' elevation='120.0' width='60.0' depth='10.0' height='60.0' modelSize='324458' wallCutOutOnBothSides='true'>
    <material name='mesh_96_2' color='FFFFFFFF'/>
  </doorOrWindow>
  <doorOrWindow level='level-f0e822ed-2131-4058-a0be-5988e77fda71' name='Window 60x60' model='65/window.obj' x='-203.83954' y='392.0' elevation='120.0' width='120.0' depth='10.0' height='60.0' modelSize='324458' wallCutOutOnBothSides='true'>
    <material name='mesh_96_2' color='FFFFFFFF'/>
  </doorOrWindow>
  <doorOrWindow level='level-f0e822ed-2131-4058-a0be-5988e77fda71' name='Window 60x60' model='65/window.obj' x='-348.0481' y='792.6146' elevation='120.0' width='60.0' depth='10.0' height='60.0' modelSize='324458' wallCutOutOnBothSides='true'>
    <material name='mesh_96_2' color='FFFFFFFF'/>
  </doorOrWindow>
  <doorOrWindow level='level-f0e822ed-2131-4058-a0be-5988e77fda71' name='Window 60x60' model='65/window.obj' x='-258.0481' y='792.6146' elevation='120.0' width='120.0' depth='10.0' height='60.0' modelSize='324458' wallCutOutOnBothSides='true'>
    <material name='mesh_96_2' color='FFFFFFFF'/>
  </doorOrWindow>
  <pieceOfFurniture level='level-f0e822ed-2131-4058-a0be-5988e77fda71' name='IKEA LAUTERS JARA Floor Lamp_obj' model='67/IKE160150_obj/IKE160150.obj' x='766.44336' y='675.5016' width='44.717037' depth='45.465317' height='135.0' modelSize='9223411'>
    <material name='02___Default'>
      <texture name='Beige fabric' creator='Scopia' catalogId='eTeksScopia#beige_fabric2' width='40.0' height='40.0' image='68'/>
    </material>
  </pieceOfFurniture>
  <pieceOfFurniture level='level-ddf4558e-d152-4859-b349-df8b3333cfce' name='IKEA LIATORP Office' model='70/IKE160132_obj/IKE160132.obj' x='377.15512' y='51.786057' width='155.0' depth='64.0' height='74.0' modelSize='310043'>
    <material name='01___Default' color='FF1F1F1F'/>
  </pieceOfFurniture>
  <pieceOfFurniture level='level-f0e822ed-2131-4058-a0be-5988e77fda71' name='Entrance Table' model='72/Table%20desk.obj' x='803.0' y='154.70636' angle='4.712389' width='120.0' depth='40.0' height='79.103004' modelSize='741081'>
    <material name='st_wood'>
      <texture name='User Wood 1' width='20.0' height='10.0' image='73'/>
    </material>
  </pieceOfFurniture>
  <pieceOfFurniture level='level-f0e822ed-2131-4058-a0be-5988e77fda71' catalogId='eTeks#bookcase' name='Bookcase' creator='eTeks' model='55' x='809.0' y='648.06445' angle='1.5707964' width='80.0' depth='28.0' height='202.0' modelSize='3516'>
    <material name='flbrown'>
      <texture name='1K-wood_fine_15-diffuse' width='140.65935' height='100.0' image='35'/>
    </material>
  </pieceOfFurniture>
  <pieceOfFurniture level='level-f0e822ed-2131-4058-a0be-5988e77fda71' catalogId='eTeks#bookcase' name='Bookcase' creator='eTeks' model='55' x='809.0' y='728.06445' angle='1.5707964' width='80.0' depth='28.0' height='202.0' modelSize='3516'>
    <material name='flbrown'>
      <texture name='1K-wood_fine_15-diffuse' width='140.65935' height='100.0' image='35'/>
    </material>
  </pieceOfFurniture>
  <pieceOfFurniture level='level-f0e822ed-2131-4058-a0be-5988e77fda71' name='HEMNES Console' model='75/IKE160158_obj/IKE160158.obj' x='302.74014' y='694.15906' angle='4.712389' width='156.99998' depth='39.999996' height='74.0' modelSize='12954'>
    <material name='1' color='FF090909' shininess='0.734375'/>
  </pieceOfFurniture>
  <pieceOfFurniture level='level-f0e822ed-2131-4058-a0be-5988e77fda71' name='IKEA Hemnes TV Stand' model='77/IKEA%20Hemnes%20TV%20Stand.obj' x='151.8872' y='428.44324' width='182.0' depth='47.0' height='56.0' modelSize='769297'>
    <material name='default' color='FF090909' shininess='0.6953125'/>
  </pieceOfFurniture>
  <pieceOfFurniture level='level-f0e822ed-2131-4058-a0be-5988e77fda71' catalogId='Toomy#livres' name='Books' creator='Toomy' model='79/livres.obj' x='809.78986' y='547.8008' elevation='93.05402' angle='1.5707964' width='24.0' depth='16.9' height='26.9' modelSize='78626'/>
  <pieceOfFurniture level='level-f0e822ed-2131-4058-a0be-5988e77fda71' name='Books' model='81/Books%205%20N200913.3DS.obj' x='808.1358' y='580.30664' elevation='91.3' angle='1.5707964' width='40.0' depth='16.4' height='25.0' modelSize='75304'>
    <material name='Box47_6_4' color='FFFF4D00'/>
    <material name='Box49_6_6' color='FF0900CD'/>
    <material name='Box52_6_10' color='FF292929'/>
    <material name='Box58_6_12' color='FFF8F32B'/>
    <material name='Box59_6_14' color='FFC0BFFF'/>
    <material name='Box63_6_16' color='FFB40000'/>
    <material name='Box64_17' color='FFFFB965'/>
    <material name='Box67_1' color='FFFFFFFF'/>
  </pieceOfFurniture>
  <light level='level-f0e822ed-2131-4058-a0be-5988e77fda71' catalogId='eTeks#incandescentLightSource' name='Incandescent light source' creator='eTeks' model='83' x='766.3711' y='676.9884' elevation='115.0' width='10.0' depth='10.0' height='10.0' modelSize='1286' horizontallyRotatable='false' deformable='false' texturable='false'/>
  <pieceOfFurniture level='level-f0e822ed-2131-4058-a0be-5988e77fda71' name='Wall Clock' model='86/Clock%20Howard%20Miller%20625-472%20Stockton%20N260416.3DS.obj' x='16.088013' y='674.7709' elevation='120.0' angle='3.1415927' width='1.1245826' depth='70.0' height='70.00001' color='FF090909' modelSize='1958422'/>
  <wall id='wall-71c14f2e-39aa-434c-9000-7a9966f10c0a' level='level-f0e822ed-2131-4058-a0be-5988e77fda71' wallAtStart='wall-5bde318a-31e5-4893-96d8-52d86d444a66' wallAtEnd='wall-d6cef7cf-563c-4faf-aee8-e62240730637' xStart='835.5' yStart='0.0' xEnd='835.5' yEnd='392.0' height='250.0' thickness='25.0' pattern='hatchUp' leftSideColor='FFFFF4E0' rightSideColor='FFFFF3E5'/>
  <wall id='wall-f3b1cb3d-34d2-4c7c-a716-8052a97cb95b' level='level-f0e822ed-2131-4058-a0be-5988e77fda71' wallAtStart='wall-1dffeb08-8ea0-4666-a308-9b15a4e50285' wallAtEnd='wall-3ee76eeb-d8e5-4768-91ad-f188bbf3d205' xStart='0.0' yStart='0.0' xEnd='0.0' yEnd='392.00006' height='250.0' thickness='28.0' pattern='hatchUp' leftSideColor='FFFFF4E0' rightSideColor='FFDEF5DA'/>
  <wall id='wall-85c4a64d-3285-414d-8a2a-1e78717a4189' level='level-f0e822ed-2131-4058-a0be-5988e77fda71' wallAtStart='wall-de6bdb0a-9d60-49e3-bb05-aef85c2e1746' wallAtEnd='wall-ea62f96c-1613-4626-bcab-c717bd67a02f' xStart='0.0' yStart='392.0' xEnd='2.4492935E-14' yEnd='792.0' height='250.0' thickness='28.0' pattern='hatchUp' leftSideColor='FFFFF4E0'/>
  <wall id='wall-ea62f96c-1613-4626-bcab-c717bd67a02f' level='level-f0e822ed-2131-4058-a0be-5988e77fda71' wallAtStart='wall-85c4a64d-3285-414d-8a2a-1e78717a4189' wallAtEnd='wall-b8f29845-617d-4cda-89fb-cdf7758cc7ae' xStart='2.4492935E-14' yStart='792.0' xEnd='835.5' yEnd='792.0' height='250.0' thickness='28.0' pattern='hatchUp' leftSideColor='FFFFF4E0' rightSideColor='FFDEF5DA'/>
  <wall id='wall-de6bdb0a-9d60-49e3-bb05-aef85c2e1746' level='level-f0e822ed-2131-4058-a0be-5988e77fda71' wallAtStart='wall-85c4a64d-3285-414d-8a2a-1e78717a4189' wallAtEnd='wall-69fa0b2e-2efd-4457-a46c-7aca0a81e4c9' xStart='0.0' yStart='392.0' xEnd='259.0' yEnd='392.0' height='250.0' thickness='7.5' pattern='hatchUp' leftSideColor='FFFFF4E0' rightSideColor='FFFFF3E5'/>
  <wall id='wall-69fa0b2e-2efd-4457-a46c-7aca0a81e4c9' level='level-f0e822ed-2131-4058-a0be-5988e77fda71' wallAtStart='wall-de6bdb0a-9d60-49e3-bb05-aef85c2e1746' wallAtEnd='wall-70deab75-aaed-4e57-9200-ded064cf926d' xStart='259.0' yStart='392.0' xEnd='259.0' yEnd='271.0' height='250.0' thickness='10.0' pattern='hatchUp' leftSideColor='FFFFF4E0' rightSideColor='FFFFF3E5'/>
  <wall id='wall-70deab75-aaed-4e57-9200-ded064cf926d' level='level-f0e822ed-2131-4058-a0be-5988e77fda71' wallAtStart='wall-69fa0b2e-2efd-4457-a46c-7aca0a81e4c9' xStart='259.0' yStart='271.0' xEnd='259.0' yEnd='0.0' height='250.0' thickness='10.0' pattern='hatchUp' leftSideColor='FFFFF4E0' rightSideColor='FFFFF3E5'/>
  <wall id='wall-394bfa5b-3686-425f-ace4-6533bc730d1a' level='level-f0e822ed-2131-4058-a0be-5988e77fda71' xStart='259.0' yStart='271.0' xEnd='0.0' yEnd='271.00003' height='250.0' thickness='10.0' pattern='hatchUp' leftSideColor='FFFFF4E0' rightSideColor='FFFFF3E5'/>
  <wall id='wall-740bb52d-9e84-4d22-adb4-a70142e7775c' level='level-ddf4558e-d152-4859-b349-df8b3333cfce' wallAtStart='wall-d832d1c9-2ab4-4e05-ad5d-8948a1fb7d17' wallAtEnd='wall-00005503-5be8-4046-b752-b831987278cd' xStart='2.4492935E-14' yStart='791.99994' xEnd='2.4492935E-14' yEnd='0.0' height='250.0' thickness='28.0' pattern='hatchUp' leftSideColor='FFDEF5DA'/>
  <wall id='wall-e243ca5f-fe5d-477b-ba19-787c769fc317' level='level-ddf4558e-d152-4859-b349-df8b3333cfce' wallAtStart='wall-0af88ff4-371b-4578-a87f-25608d39b288' wallAtEnd='wall-00b3baeb-0165-47db-838d-7b778ed83552' xStart='0.0' yStart='792.0' xEnd='0.0' yEnd='951.0' height='100.0' thickness='10.0' pattern='hatchUp' topColor='FFDEF5DA' leftSideColor='FFDEF5DA' rightSideColor='FFDEF5DA'/>
  <wall id='wall-00b3baeb-0165-47db-838d-7b778ed83552' level='level-ddf4558e-d152-4859-b349-df8b3333cfce' wallAtStart='wall-e243ca5f-fe5d-477b-ba19-787c769fc317' wallAtEnd='wall-b9ea28ea-78ad-4240-86c9-da1a2427fef9' xStart='0.0' yStart='951.0' xEnd='835.5' yEnd='951.0' height='100.0' thickness='10.0' pattern='hatchUp' topColor='FFDEF5DA' leftSideColor='FFDEF5DA' rightSideColor='FFDEF5DA'/>
  <wall id='wall-b9ea28ea-78ad-4240-86c9-da1a2427fef9' level='level-ddf4558e-d152-4859-b349-df8b3333cfce' wallAtStart='wall-00b3baeb-0165-47db-838d-7b778ed83552' xStart='835.5' yStart='951.0' xEnd='835.5' yEnd='792.0' height='100.0' thickness='10.0' pattern='hatchUp' topColor='FFDEF5DA' leftSideColor='FFDEF5DA' rightSideColor='FFDEF5DA'/>
  <wall id='wall-f778104d-2211-433f-837b-c19e6807d1ac' level='level-ddf4558e-d152-4859-b349-df8b3333cfce' wallAtEnd='wall-477fcfa7-4a70-485f-b77a-d6223f84782d' xStart='0.0' yStart='0.0' xEnd='188.0' yEnd='0.0' height='250.0' thickness='7.5' pattern='hatchUp'/>
  <wall id='wall-477fcfa7-4a70-485f-b77a-d6223f84782d' level='level-ddf4558e-d152-4859-b349-df8b3333cfce' wallAtStart='wall-f778104d-2211-433f-837b-c19e6807d1ac' wallAtEnd='wall-6f936f0a-67c4-4795-9ad2-e9d42688be57' xStart='188.0' yStart='0.0' xEnd='187.99998' yEnd='271.0' height='250.0' thickness='8.0' pattern='hatchUp'/>
  <wall id='wall-6f936f0a-67c4-4795-9ad2-e9d42688be57' level='level-ddf4558e-d152-4859-b349-df8b3333cfce' wallAtStart='wall-477fcfa7-4a70-485f-b77a-d6223f84782d' xStart='187.99998' yStart='271.0' xEnd='187.99998' yEnd='392.0' height='250.0' thickness='8.0' pattern='hatchUp'/>
  <wall id='wall-bd9d088f-58e7-4cac-82f8-8a4bed30337e' level='level-ddf4558e-d152-4859-b349-df8b3333cfce' xStart='188.0' yStart='271.0' xEnd='0.0' yEnd='271.00003' height='250.0' thickness='8.0' pattern='hatchUp'/>
  <wall id='wall-0af88ff4-371b-4578-a87f-25608d39b288' level='level-ddf4558e-d152-4859-b349-df8b3333cfce' wallAtStart='wall-e243ca5f-fe5d-477b-ba19-787c769fc317' wallAtEnd='wall-eddbe692-75a3-4885-b461-35cadba97717' xStart='0.0' yStart='792.0' xEnd='338.0' yEnd='792.0' height='250.0' thickness='7.5' pattern='hatchUp'/>
  <wall id='wall-eddbe692-75a3-4885-b461-35cadba97717' level='level-ddf4558e-d152-4859-b349-df8b3333cfce' wallAtStart='wall-0af88ff4-371b-4578-a87f-25608d39b288' xStart='338.0' yStart='792.0' xEnd='337.99997' yEnd='392.0' height='250.0' thickness='10.0' pattern='hatchUp'/>
  <wall id='wall-7aeaf207-e6ca-41a2-a6b9-f8b7d9117e0b' level='level-ddf4558e-d152-4859-b349-df8b3333cfce' wallAtEnd='wall-f4c338e7-3445-457b-9276-8783d090a931' xStart='835.5' yStart='0.0' xEnd='465.0' yEnd='-4.5373163E-14' height='250.0' thickness='7.5' pattern='hatchUp'/>
  <wall id='wall-f4c338e7-3445-457b-9276-8783d090a931' level='level-ddf4558e-d152-4859-b349-df8b3333cfce' wallAtStart='wall-7aeaf207-e6ca-41a2-a6b9-f8b7d9117e0b' wallAtEnd='wall-08c31106-2bac-4508-bf34-64ea4bdc1557' xStart='465.0' yStart='-4.5373163E-14' xEnd='465.0' yEnd='286.0' height='250.0' thickness='7.5' pattern='hatchUp'/>
  <wall id='wall-08c31106-2bac-4508-bf34-64ea4bdc1557' level='level-ddf4558e-d152-4859-b349-df8b3333cfce' wallAtStart='wall-f4c338e7-3445-457b-9276-8783d090a931' xStart='465.0' yStart='286.0' xEnd='835.5' yEnd='286.0' height='250.0' thickness='7.5' pattern='hatchUp'/>
  <wall id='wall-94f250d8-aed4-479d-8e2d-b64889a19e8d' level='level-20916886-3c32-41c4-b571-9aee3d2dd964' wallAtStart='wall-4e5c9218-324c-484e-9ead-87695d2eb8bd' wallAtEnd='wall-0b89d414-9ce3-43d5-be8b-66f45e074a2c' xStart='2.4492935E-14' yStart='0.0' xEnd='835.5' yEnd='0.0' height='250.0' thickness='25.0' pattern='hatchUp'/>
  <wall id='wall-0b89d414-9ce3-43d5-be8b-66f45e074a2c' level='level-20916886-3c32-41c4-b571-9aee3d2dd964' wallAtStart='wall-94f250d8-aed4-479d-8e2d-b64889a19e8d' wallAtEnd='wall-b18dda28-3482-481c-b136-9dc183fef217' xStart='835.5' yStart='0.0' xEnd='835.49994' yEnd='792.0' height='250.0' thickness='25.0' pattern='hatchUp'/>
  <wall id='wall-b18dda28-3482-481c-b136-9dc183fef217' level='level-20916886-3c32-41c4-b571-9aee3d2dd964' wallAtStart='wall-0b89d414-9ce3-43d5-be8b-66f45e074a2c' wallAtEnd='wall-4e5c9218-324c-484e-9ead-87695d2eb8bd' xStart='835.49994' yStart='792.0' xEnd='2.4492935E-14' yEnd='791.99994' height='250.0' thickness='25.0' pattern='hatchUp'/>
  <wall id='wall-4e5c9218-324c-484e-9ead-87695d2eb8bd' level='level-20916886-3c32-41c4-b571-9aee3d2dd964' wallAtStart='wall-b18dda28-3482-481c-b136-9dc183fef217' wallAtEnd='wall-94f250d8-aed4-479d-8e2d-b64889a19e8d' xStart='2.4492935E-14' yStart='791.99994' xEnd='2.4492935E-14' yEnd='0.0' height='250.0' thickness='25.0' pattern='hatchUp'/>
  <wall id='wall-e6e4e508-7e1b-41f7-9564-7286c177a5bd' level='level-20916886-3c32-41c4-b571-9aee3d2dd964' xStart='835.5' yStart='392.0' xEnd='0.0' yEnd='391.99994' height='250.0' thickness='12.0' pattern='hatchUp'/>
  <wall id='wall-2fc7edaa-f0ec-44b5-a4f8-a1b53b9e712d' level='level-20916886-3c32-41c4-b571-9aee3d2dd964' wallAtEnd='wall-19dc57ae-2673-4f1e-894b-6a1f8808dab2' xStart='0.0' yStart='0.0' xEnd='295.0' yEnd='0.0' height='250.0' thickness='7.5' pattern='hatchUp'/>
  <wall id='wall-19dc57ae-2673-4f1e-894b-6a1f8808dab2' level='level-20916886-3c32-41c4-b571-9aee3d2dd964' wallAtStart='wall-2fc7edaa-f0ec-44b5-a4f8-a1b53b9e712d' xStart='295.0' yStart='0.0' xEnd='294.99997' yEnd='392.0' height='250.0' thickness='15.0' pattern='hatchUp'/>
  <wall id='wall-da921244-bf1f-42e0-975b-68da9b089b28' level='level-20916886-3c32-41c4-b571-9aee3d2dd964' wallAtEnd='wall-5090a1b1-753c-47a3-b7ca-90167c7d366e' xStart='2.4492935E-14' yStart='792.0' xEnd='245.0' yEnd='792.0' height='250.0' thickness='7.5' pattern='hatchUp'/>
  <wall id='wall-5090a1b1-753c-47a3-b7ca-90167c7d366e' level='level-20916886-3c32-41c4-b571-9aee3d2dd964' wallAtStart='wall-da921244-bf1f-42e0-975b-68da9b089b28' xStart='245.0' yStart='792.0' xEnd='244.99998' yEnd='392.0' height='250.0' thickness='15.0' pattern='hatchUp'/>
  <wall id='wall-aec6307f-4e00-496b-943d-6ddbe096a482' level='level-20916886-3c32-41c4-b571-9aee3d2dd964' wallAtStart='wall-c7aaff57-a61c-422e-8387-f36054a5f9cd' xStart='709.5491' yStart='271.9582' xEnd='709.5491' yEnd='287.3582' height='250.0' thickness='15.0' pattern='hatchUp'/>
  <wall id='wall-c7aaff57-a61c-422e-8387-f36054a5f9cd' level='level-20916886-3c32-41c4-b571-9aee3d2dd964' wallAtStart='wall-aec6307f-4e00-496b-943d-6ddbe096a482' xStart='709.5491' yStart='271.9582' xEnd='835.5' yEnd='271.9582' height='250.0' thickness='12.0' pattern='hatchUp'/>
  <wall id='wall-e64f8268-550a-4a65-bdaa-75f0ea8159e4' level='level-f0e822ed-2131-4058-a0be-5988e77fda71' wallAtStart='wall-7923c165-1359-42fc-9e6e-8b263da062ab' wallAtEnd='wall-df361f04-b32c-4289-b109-8f3e9f3309f8' xStart='835.5' yStart='0.0' xEnd='835.5' yEnd='-122.0' height='250.0' thickness='25.0' pattern='hatchUp' leftSideColor='FFFFF4E0' rightSideColor='FFFFF3E5'/>
  <wall id='wall-df361f04-b32c-4289-b109-8f3e9f3309f8' level='level-f0e822ed-2131-4058-a0be-5988e77fda71' wallAtStart='wall-e64f8268-550a-4a65-bdaa-75f0ea8159e4' wallAtEnd='wall-9651c871-3916-4852-a067-c1d679aa4920' xStart='835.5' yStart='-122.0' xEnd='648.5' yEnd='-122.0' height='250.0' thickness='28.0' pattern='hatchUp' leftSideColor='FFFFF4E0' rightSideColor='FFDEF5DA'/>
  <wall id='wall-9651c871-3916-4852-a067-c1d679aa4920' level='level-f0e822ed-2131-4058-a0be-5988e77fda71' wallAtStart='wall-df361f04-b32c-4289-b109-8f3e9f3309f8' xStart='648.5' yStart='-122.0' xEnd='648.5' yEnd='0.0' height='250.0' thickness='28.0' pattern='hatchUp' leftSideColor='FFFFF4E0' rightSideColor='FFDEF5DA'/>
  <wall id='wall-1dffeb08-8ea0-4666-a308-9b15a4e50285' level='level-f0e822ed-2131-4058-a0be-5988e77fda71' wallAtStart='wall-f3b1cb3d-34d2-4c7c-a716-8052a97cb95b' wallAtEnd='wall-6bab1db8-391c-4fe9-b4f8-24cff7405ace' xStart='0.0' yStart='0.0' xEnd='259.0' yEnd='0.0' height='250.0' thickness='28.0' pattern='hatchUp' leftSideColor='FFDEF5DA' rightSideColor='FFFFF3E5'/>
  <wall id='wall-3ee76eeb-d8e5-4768-91ad-f188bbf3d205' level='level-f0e822ed-2131-4058-a0be-5988e77fda71' wallAtStart='wall-db8373bf-94c3-44a3-8584-7443bde1f2cb' wallAtEnd='wall-f3b1cb3d-34d2-4c7c-a716-8052a97cb95b' xStart='259.0' yStart='392.00003' xEnd='0.0' yEnd='392.00006' height='250.0' thickness='12.0' pattern='hatchUp' leftSideColor='FFFFF4E0' rightSideColor='FFFFF3E5'/>
  <wall id='wall-30e81ebc-3905-4904-8645-ff16019d3dd5' level='level-f0e822ed-2131-4058-a0be-5988e77fda71' wallAtEnd='wall-78df9223-f9ba-47e6-be91-7b507a4c9cb8' xStart='784.3119' yStart='392.00003' xEnd='784.3119' yEnd='442.00003' height='250.0' thickness='7.5' pattern='hatchUp'/>
  <wall id='wall-78df9223-f9ba-47e6-be91-7b507a4c9cb8' level='level-f0e822ed-2131-4058-a0be-5988e77fda71' wallAtStart='wall-30e81ebc-3905-4904-8645-ff16019d3dd5' xStart='784.3119' yStart='442.00003' xEnd='835.5' yEnd='442.00003' height='250.0' thickness='7.5' pattern='hatchUp'/>
  <wall id='wall-99727d69-3001-4dd3-9e4c-4cf0624ffca1' level='level-f0e822ed-2131-4058-a0be-5988e77fda71' wallAtEnd='wall-d9225110-9bb0-4f8a-b93f-c62a47a3f51a' xStart='835.5' yStart='792.0' xEnd='835.5' yEnd='1762.0' height='10.0' thickness='7.5' pattern='hatchUp'/>
  <wall id='wall-d9225110-9bb0-4f8a-b93f-c62a47a3f51a' level='level-f0e822ed-2131-4058-a0be-5988e77fda71' wallAtStart='wall-99727d69-3001-4dd3-9e4c-4cf0624ffca1' wallAtEnd='wall-47a7deb7-89d2-4740-a707-06291fa62e99' xStart='835.5' yStart='1762.0' xEnd='-1164.5' yEnd='1762.0' height='10.0' thickness='7.5' pattern='hatchUp'/>
  <wall id='wall-7923c165-1359-42fc-9e6e-8b263da062ab' level='level-f0e822ed-2131-4058-a0be-5988e77fda71' wallAtStart='wall-e64f8268-550a-4a65-bdaa-75f0ea8159e4' wallAtEnd='wall-04a756e9-8a8e-48b6-98df-d4d8afc916c2' xStart='835.5' yStart='0.0' xEnd='838.39685' yEnd='-819.1031' height='10.0' thickness='7.5' pattern='hatchUp'/>
  <wall id='wall-47a7deb7-89d2-4740-a707-06291fa62e99' level='level-f0e822ed-2131-4058-a0be-5988e77fda71' wallAtStart='wall-d9225110-9bb0-4f8a-b93f-c62a47a3f51a' wallAtEnd='wall-04a756e9-8a8e-48b6-98df-d4d8afc916c2' xStart='-1164.5' yStart='1762.0' xEnd='-1161.6031' yEnd='-670.1031' height='10.0' thickness='7.5' pattern='hatchUp'/>
  <wall id='wall-04a756e9-8a8e-48b6-98df-d4d8afc916c2' level='level-f0e822ed-2131-4058-a0be-5988e77fda71' wallAtStart='wall-47a7deb7-89d2-4740-a707-06291fa62e99' wallAtEnd='wall-7923c165-1359-42fc-9e6e-8b263da062ab' xStart='-1161.6031' yStart='-670.1031' xEnd='838.39685' yEnd='-819.1031' height='10.0' thickness='7.5' pattern='hatchUp'/>
  <wall id='wall-705510b7-0d9d-4008-9574-cd8924fe491e' level='level-f0e822ed-2131-4058-a0be-5988e77fda71' wallAtEnd='wall-d5620702-5bb5-4be8-982f-1233b531beb4' xStart='-15.0000305' yStart='792.0' xEnd='-485.0' yEnd='792.0' height='250.0' thickness='28.0' pattern='hatchUp'>
    <texture attribute='leftSideTexture' name='Red bricks' creator='Ola-Kristian Hoff' catalogId='OlaKristianHoff#red_bricks' width='50.0' height='50.0' scale='1.5' image='93'/>
  </wall>
  <wall id='wall-d5620702-5bb5-4be8-982f-1233b531beb4' level='level-f0e822ed-2131-4058-a0be-5988e77fda71' wallAtStart='wall-705510b7-0d9d-4008-9574-cd8924fe491e' wallAtEnd='wall-7969fc19-7cbf-4891-821c-d2bae9f5ac9d' xStart='-485.0' yStart='792.0' xEnd='-485.00003' yEnd='392.0' height='250.0' thickness='28.0' pattern='hatchUp'>
    <texture attribute='leftSideTexture' name='Red bricks' creator='Ola-Kristian Hoff' catalogId='OlaKristianHoff#red_bricks' width='50.0' height='50.0' scale='1.5' image='93'/>
  </wall>
  <wall id='wall-7969fc19-7cbf-4891-821c-d2bae9f5ac9d' level='level-f0e822ed-2131-4058-a0be-5988e77fda71' wallAtStart='wall-d5620702-5bb5-4be8-982f-1233b531beb4' xStart='-485.00003' yStart='392.0' xEnd='-15.0000305' yEnd='392.0' height='250.0' thickness='28.0' pattern='hatchUp'>
    <texture attribute='leftSideTexture' name='Red bricks' creator='Ola-Kristian Hoff' catalogId='OlaKristianHoff#red_bricks' width='50.0' height='50.0' scale='1.5' image='93'/>
  </wall>
  <wall id='wall-6bab1db8-391c-4fe9-b4f8-24cff7405ace' level='level-f0e822ed-2131-4058-a0be-5988e77fda71' wallAtStart='wall-1dffeb08-8ea0-4666-a308-9b15a4e50285' wallAtEnd='wall-5bde318a-31e5-4893-96d8-52d86d444a66' xStart='259.0' yStart='0.0' xEnd='648.5' yEnd='1.6212463E-5' height='250.0' thickness='28.0' pattern='hatchUp' leftSideColor='FFDEF5DA' rightSideColor='FFFFF3E5'/>
  <wall id='wall-5bde318a-31e5-4893-96d8-52d86d444a66' level='level-f0e822ed-2131-4058-a0be-5988e77fda71' wallAtStart='wall-6bab1db8-391c-4fe9-b4f8-24cff7405ace' wallAtEnd='wall-71c14f2e-39aa-434c-9000-7a9966f10c0a' xStart='648.5' yStart='1.6212463E-5' xEnd='835.5' yEnd='0.0' height='250.0' thickness='28.0' pattern='hatchUp' leftSideColor='FFFFF4E0' rightSideColor='FFFFF3E5'/>
  <wall id='wall-00005503-5be8-4046-b752-b831987278cd' level='level-ddf4558e-d152-4859-b349-df8b3333cfce' wallAtStart='wall-740bb52d-9e84-4d22-adb4-a70142e7775c' wallAtEnd='wall-8c755da8-ac58-418f-8ec2-eb32775c7a14' xStart='2.4492935E-14' yStart='0.0' xEnd='188.0' yEnd='0.0' height='250.0' thickness='28.0' pattern='hatchUp' leftSideColor='FFDEF5DA'/>
  <wall id='wall-63212682-f269-48d2-aab1-ea14b9392071' level='level-ddf4558e-d152-4859-b349-df8b3333cfce' wallAtEnd='wall-fd061dbb-3680-4743-95a8-241729d35082' xStart='0.0' yStart='392.0' xEnd='187.99998' yEnd='392.0' height='250.0' thickness='12.0' pattern='hatchUp'/>
  <wall id='wall-8c755da8-ac58-418f-8ec2-eb32775c7a14' level='level-ddf4558e-d152-4859-b349-df8b3333cfce' wallAtStart='wall-00005503-5be8-4046-b752-b831987278cd' wallAtEnd='wall-28842a74-d27b-4922-9155-0628e4a3a8a5' xStart='188.0' yStart='0.0' xEnd='465.0' yEnd='0.0' height='250.0' thickness='28.0' pattern='hatchUp' leftSideColor='FFDEF5DA'/>
  <wall id='wall-28842a74-d27b-4922-9155-0628e4a3a8a5' level='level-ddf4558e-d152-4859-b349-df8b3333cfce' wallAtStart='wall-8c755da8-ac58-418f-8ec2-eb32775c7a14' wallAtEnd='wall-dd85780c-bb29-46b7-9e76-7cf9c8a9db87' xStart='465.0' yStart='0.0' xEnd='835.5' yEnd='0.0' height='250.0' thickness='28.0' pattern='hatchUp' leftSideColor='FFDEF5DA'/>
  <wall id='wall-b8f29845-617d-4cda-89fb-cdf7758cc7ae' level='level-f0e822ed-2131-4058-a0be-5988e77fda71' wallAtStart='wall-ea62f96c-1613-4626-bcab-c717bd67a02f' wallAtEnd='wall-ee2fdf9f-d454-4e85-99c6-5c88d6cea484' xStart='835.5' yStart='792.0' xEnd='835.5' yEnd='442.00003' height='250.0' thickness='25.0' pattern='hatchUp' leftSideColor='FFF8F32B' rightSideColor='FFFFF3E5'/>
  <wall id='wall-ee2fdf9f-d454-4e85-99c6-5c88d6cea484' level='level-f0e822ed-2131-4058-a0be-5988e77fda71' wallAtStart='wall-b8f29845-617d-4cda-89fb-cdf7758cc7ae' xStart='835.5' yStart='442.00003' xEnd='835.5' yEnd='392.0' height='250.0' thickness='25.0' pattern='hatchUp' leftSideColor='FFFFF4E0' rightSideColor='FFFFF3E5'/>
  <wall id='wall-d6cef7cf-563c-4faf-aee8-e62240730637' level='level-f0e822ed-2131-4058-a0be-5988e77fda71' wallAtStart='wall-71c14f2e-39aa-434c-9000-7a9966f10c0a' wallAtEnd='wall-db8373bf-94c3-44a3-8584-7443bde1f2cb' xStart='835.5' yStart='392.0' xEnd='784.3119' yEnd='392.0' height='250.0' thickness='12.0' pattern='hatchUp' leftSideColor='FFFFF4E0' rightSideColor='FFFFF3E5'/>
  <wall id='wall-db8373bf-94c3-44a3-8584-7443bde1f2cb' level='level-f0e822ed-2131-4058-a0be-5988e77fda71' wallAtStart='wall-d6cef7cf-563c-4faf-aee8-e62240730637' wallAtEnd='wall-3ee76eeb-d8e5-4768-91ad-f188bbf3d205' xStart='784.3119' yStart='392.0' xEnd='259.0' yEnd='392.00003' height='250.0' thickness='12.0' pattern='hatchUp' leftSideColor='FFFFF4E0' rightSideColor='FFFFF3E5'/>
  <wall id='wall-b4d96638-2e85-41f3-a42b-51fe3266a658' level='level-ddf4558e-d152-4859-b349-df8b3333cfce' wallAtStart='wall-ac944ed3-fe9d-44b9-b4e1-955195ae00fa' wallAtEnd='wall-766d7da7-8e80-4ea9-9f4d-76346a99acd3' xStart='835.5' yStart='392.0' xEnd='835.49994' yEnd='792.0' height='250.0' thickness='25.0' pattern='hatchUp'/>
  <wall id='wall-766d7da7-8e80-4ea9-9f4d-76346a99acd3' level='level-ddf4558e-d152-4859-b349-df8b3333cfce' wallAtStart='wall-b4d96638-2e85-41f3-a42b-51fe3266a658' wallAtEnd='wall-d832d1c9-2ab4-4e05-ad5d-8948a1fb7d17' xStart='835.49994' yStart='792.0' xEnd='338.0' yEnd='791.99994' height='250.0' thickness='28.0' pattern='hatchUp' leftSideColor='FFDEF5DA'/>
  <wall id='wall-d832d1c9-2ab4-4e05-ad5d-8948a1fb7d17' level='level-ddf4558e-d152-4859-b349-df8b3333cfce' wallAtStart='wall-766d7da7-8e80-4ea9-9f4d-76346a99acd3' wallAtEnd='wall-740bb52d-9e84-4d22-adb4-a70142e7775c' xStart='338.0' yStart='791.99994' xEnd='2.4492935E-14' yEnd='791.99994' height='250.0' thickness='28.0' pattern='hatchUp' leftSideColor='FFDEF5DA'/>
  <wall id='wall-fd061dbb-3680-4743-95a8-241729d35082' level='level-ddf4558e-d152-4859-b349-df8b3333cfce' wallAtStart='wall-63212682-f269-48d2-aab1-ea14b9392071' wallAtEnd='wall-b31b81ce-e1e1-4b89-b5b8-1187311c8604' xStart='187.99998' yStart='392.0' xEnd='338.0' yEnd='392.0' height='250.0' thickness='12.0' pattern='hatchUp'/>
  <wall id='wall-b31b81ce-e1e1-4b89-b5b8-1187311c8604' level='level-ddf4558e-d152-4859-b349-df8b3333cfce' wallAtStart='wall-fd061dbb-3680-4743-95a8-241729d35082' xStart='338.0' yStart='392.0' xEnd='835.5' yEnd='392.0' height='250.0' thickness='12.0' pattern='hatchUp'/>
  <wall id='wall-dd85780c-bb29-46b7-9e76-7cf9c8a9db87' level='level-ddf4558e-d152-4859-b349-df8b3333cfce' wallAtStart='wall-28842a74-d27b-4922-9155-0628e4a3a8a5' wallAtEnd='wall-ac944ed3-fe9d-44b9-b4e1-955195ae00fa' xStart='835.5' yStart='0.0' xEnd='835.5' yEnd='286.0' height='250.0' thickness='25.0' pattern='hatchUp'/>
  <wall id='wall-ac944ed3-fe9d-44b9-b4e1-955195ae00fa' level='level-ddf4558e-d152-4859-b349-df8b3333cfce' wallAtStart='wall-dd85780c-bb29-46b7-9e76-7cf9c8a9db87' wallAtEnd='wall-b4d96638-2e85-41f3-a42b-51fe3266a658' xStart='835.5' yStart='286.0' xEnd='835.5' yEnd='392.0' height='250.0' thickness='25.0' pattern='hatchUp'/>
  <wall id='wall-3931d658-87b3-4742-bb77-5b2ed59be4ef' level='level-ddf4558e-d152-4859-b349-df8b3333cfce' wallAtEnd='wall-3ebaf69b-32c3-4008-91ac-c49ccacb3095' xStart='784.3119' yStart='392.00003' xEnd='784.3119' yEnd='442.00003' height='250.0' thickness='7.5' pattern='hatchUp'/>
  <wall id='wall-3ebaf69b-32c3-4008-91ac-c49ccacb3095' level='level-ddf4558e-d152-4859-b349-df8b3333cfce' wallAtStart='wall-3931d658-87b3-4742-bb77-5b2ed59be4ef' xStart='784.3119' yStart='442.00003' xEnd='835.5' yEnd='442.00003' height='250.0' thickness='7.5' pattern='hatchUp'/>
  <room id='room-d8b227ad-e4be-4155-9828-46980bc90591' level='level-f0e822ed-2131-4058-a0be-5988e77fda71' name='Kitchen' areaVisible='true'>
    <texture attribute='floorTexture' name='Grey tiles' creator='eTeks' catalogId='eTeks#greyTile' width='31.5' height='31.5' image='87'/>
    <point x='252.71973' y='14.592224'/>
    <point x='252.71973' y='266.59222'/>
    <point x='12.719727' y='266.59225'/>
    <point x='12.719727' y='266.59225'/>
    <point x='12.719727' y='14.592224'/>
  </room>
  <room id='room-165a1e96-e115-486d-bda2-8535f24a70bb' level='level-f0e822ed-2131-4058-a0be-5988e77fda71' name='Toilet' areaVisible='true'>
    <point x='254.0' y='276.0'/>
    <point x='254.0' y='386.00003'/>
    <point x='14.0' y='386.00006'/>
    <point x='14.0' y='276.00003'/>
  </room>
  <room id='room-ef8066a7-433d-4283-bd06-fada13bbf033' level='level-f0e822ed-2131-4058-a0be-5988e77fda71' name='Living Room' areaVisible='true'>
    <texture attribute='floorTexture' name='Liberty Natural Oak' width='140.0' height='198.01105' scale='1.25' image='88'/>
    <point x='698.4734' y='509.66467'/>
    <point x='821.9318' y='509.66467'/>
    <point x='821.9319' y='778.0'/>
    <point x='12.931885' y='778.0'/>
    <point x='11.431885' y='397.99994'/>
    <point x='698.4734' y='398.39746'/>
  </room>
  <room id='room-483ad3c8-5528-42f5-af9b-f67e4496b44b' level='level-ddf4558e-d152-4859-b349-df8b3333cfce' areaVisible='true'>
    <point x='4.9999995' y='805.99994'/>
    <point x='830.5' y='806.0'/>
    <point x='830.5' y='946.0'/>
    <point x='5.0' y='946.0'/>
    <point x='5.0' y='805.99994'/>
  </room>
  <room id='room-3f97dd83-8f83-41a3-b906-7bccb67bb54b' level='level-ddf4558e-d152-4859-b349-df8b3333cfce' name='Bathroom' areaVisible='true'>
    <point x='14.0' y='14.0'/>
    <point x='184.0' y='14.0'/>
    <point x='183.99998' y='267.0'/>
    <point x='14.0' y='266.00003'/>
  </room>
  <room id='room-e81d7d21-2376-42cc-86c8-e31188e50975' level='level-ddf4558e-d152-4859-b349-df8b3333cfce' name='Toilet' areaVisible='true'>
    <point x='183.99998' y='275.0'/>
    <point x='14.0' y='275.00003'/>
    <point x='14.0' y='386.0'/>
    <point x='183.99998' y='386.0'/>
    <point x='183.99998' y='376.4324'/>
    <point x='188.0249' y='376.4324'/>
    <point x='188.0249' y='298.46988'/>
    <point x='183.99998' y='298.46988'/>
  </room>
  <room id='room-6309ba1b-9201-47a5-aa55-79ee54fef18c' level='level-ddf4558e-d152-4859-b349-df8b3333cfce' name='Bedroom 2' areaVisible='true'>
    <texture attribute='floorTexture' name='Liberty Natural Oak' width='140.0' height='198.01105' scale='1.25' image='88'/>
    <point x='332.99997' y='398.0'/>
    <point x='333.0' y='777.99994'/>
    <point x='14.0' y='777.99994'/>
    <point x='14.0' y='398.0'/>
  </room>
  <room id='room-004c878c-c833-4945-89a2-4bef972d7ab2' level='level-ddf4558e-d152-4859-b349-df8b3333cfce' name='Bedroom 1' areaVisible='true'>
    <texture attribute='floorTexture' name='Liberty Natural Oak' width='140.0' height='198.01105' scale='1.25' image='88'/>
    <point x='820.17596' y='400.82397'/>
    <point x='820.17596' y='780.824'/>
    <point x='340.17603' y='780.8239'/>
    <point x='340.176' y='400.82397'/>
  </room>
  <room id='room-edbd4c9b-4c05-455b-b775-88ed290115b3' level='level-ddf4558e-d152-4859-b349-df8b3333cfce' name='Bedroom 3' areaVisible='true'>
    <texture attribute='floorTexture' name='Liberty Natural Oak' width='140.0' height='198.01105' scale='1.25' image='88'/>
    <point x='823.0' y='14.950806'/>
    <point x='823.0' y='283.2008'/>
    <point x='468.75' y='283.2008'/>
    <point x='468.75' y='14.950806'/>
  </room>
  <room id='room-72c84575-e6be-443a-ab50-28de71cbe090' level='level-ddf4558e-d152-4859-b349-df8b3333cfce' name='Mezzanine / Office' areaVisible='true'>
    <texture attribute='floorTexture' name='Liberty Natural Oak' width='140.0' height='198.01105' scale='1.25' image='88'/>
    <point x='192.0' y='14.0'/>
    <point x='461.25' y='14.0'/>
    <point x='462.02258' y='183.78406'/>
    <point x='468.75' y='183.78406'/>
    <point x='468.75' y='271.6681'/>
    <point x='462.02258' y='271.6681'/>
    <point x='461.24997' y='386.00003'/>
    <point x='444.25366' y='386.44556'/>
    <point x='444.25366' y='398.0'/>
    <point x='357.24997' y='398.0'/>
    <point x='357.24997' y='386.00003'/>
    <point x='321.74997' y='386.00003'/>
    <point x='321.74997' y='398.0'/>
    <point x='235.24997' y='398.0'/>
    <point x='235.24997' y='386.00003'/>
    <point x='191.99998' y='386.0'/>
  </room>
  <room id='room-fc27b5e8-38b7-40e2-bbd3-05b6fb0cd3a4' level='level-20916886-3c32-41c4-b571-9aee3d2dd964' name='Playroom' areaVisible='true'>
    <point x='302.5' y='12.5'/>
    <point x='302.49997' y='286.81906'/>
    <point x='294.97516' y='286.81906'/>
    <point x='294.97516' y='374.39908'/>
    <point x='302.49997' y='374.39908'/>
    <point x='302.49997' y='385.99997'/>
    <point x='352.70126' y='385.99997'/>
    <point x='352.70126' y='392.02487'/>
    <point x='440.4263' y='392.02487'/>
    <point x='440.4263' y='385.99997'/>
    <point x='823.0' y='386.0'/>
    <point x='823.0' y='12.5'/>
  </room>
  <room id='room-a9b7fba7-ddc9-41ac-9496-2e6c9451c7b5' level='level-20916886-3c32-41c4-b571-9aee3d2dd964' name='Washing / Heating' areaVisible='true'>
    <point x='352.7013' y='391.97488'/>
    <point x='352.7013' y='397.99997'/>
    <point x='252.49998' y='397.99997'/>
    <point x='252.49998' y='423.15286'/>
    <point x='244.97499' y='423.15286'/>
    <point x='244.97499' y='510.73288'/>
    <point x='252.49998' y='510.73288'/>
    <point x='252.5' y='779.49994'/>
    <point x='822.99994' y='779.5'/>
    <point x='822.99994' y='398.0'/>
    <point x='440.42627' y='397.99997'/>
    <point x='440.42627' y='391.97488'/>
  </room>
  <room id='room-5a74d927-0cf1-4d2e-b775-c8ba89cd6a3c' level='level-20916886-3c32-41c4-b571-9aee3d2dd964' name='Sauna' areaVisible='true'>
    <point x='12.5' y='397.99994'/>
    <point x='12.5' y='779.49994'/>
    <point x='237.5' y='779.49994'/>
    <point x='237.49998' y='510.7329'/>
    <point x='245.02498' y='510.73288'/>
    <point x='245.02498' y='423.15286'/>
    <point x='237.49998' y='423.15286'/>
    <point x='237.49998' y='397.99997'/>
  </room>
  <room id='room-8e2b46fa-2cb3-40bd-8c98-0e10f980e1bc' level='level-20916886-3c32-41c4-b571-9aee3d2dd964' name='Wine / Storeroom' areaVisible='true'>
    <texture attribute='floorTexture' name='Soil gravel' creator='Scopia' catalogId='eTeksScopia#ground-gravel' width='100.0' height='100.0' image='89'/>
    <point x='12.5' y='12.5'/>
    <point x='12.5' y='286.93512'/>
    <point x='-0.025181629' y='286.93512'/>
    <point x='-0.02518267' y='374.28314'/>
    <point x='12.5' y='374.28314'/>
    <point x='12.5' y='385.99994'/>
    <point x='287.49997' y='385.99997'/>
    <point x='287.49997' y='374.39905'/>
    <point x='295.02515' y='374.39905'/>
    <point x='295.02515' y='286.8191'/>
    <point x='287.49997' y='286.8191'/>
    <point x='287.5' y='12.5'/>
  </room>
  <room id='room-b276d8db-97d9-42e8-8d55-86a41e8bbfb4' level='level-f0e822ed-2131-4058-a0be-5988e77fda71' name='Entrance / Dining Room' areaVisible='true'>
    <texture attribute='floorTexture' name='Liberty Natural Oak' width='140.0' height='198.01105' scale='1.25' image='88'/>
    <point x='264.75055' y='386.65485'/>
    <point x='264.75055' y='376.55487'/>
    <point x='254.75055' y='376.55487'/>
    <point x='254.75055' y='299.55487'/>
    <point x='264.75055' y='299.55487'/>
    <point x='264.75055' y='181.1549'/>
    <point x='254.75055' y='181.1549'/>
    <point x='254.75055' y='99.05487'/>
    <point x='264.75055' y='99.05487'/>
    <point x='264.75055' y='14.654877'/>
    <point x='733.7959' y='14.654877'/>
    <point x='733.7959' y='0.024932861'/>
    <point x='814.08167' y='0.024932861'/>
    <point x='814.08167' y='14.654877'/>
    <point x='823.7505' y='14.654877'/>
    <point x='823.7505' y='288.01306'/>
    <point x='462.75055' y='288.01306'/>
    <point x='462.75055' y='386.65485'/>
    <point x='404.39368' y='386.44556'/>
    <point x='404.39368' y='397.99994'/>
    <point x='311.70715' y='397.99994'/>
    <point x='311.70715' y='386.44556'/>
  </room>
  <room id='room-66c98a2e-8e10-418a-9a28-3668ddb1b224' level='level-f0e822ed-2131-4058-a0be-5988e77fda71' name='Entrance' areaVisible='true'>
    <point x='813.24475' y='-122.02514'/>
    <point x='713.08826' y='-122.02511'/>
    <point x='713.08826' y='-108.0'/>
    <point x='662.5' y='-108.0'/>
    <point x='662.5' y='-81.82513'/>
    <point x='648.475' y='-81.82513'/>
    <point x='648.475' y='-60.75013'/>
    <point x='648.475' y='-39.75013'/>
    <point x='662.5' y='-39.75013'/>
    <point x='662.5' y='-14.0'/>
    <point x='684.8113' y='-14.0'/>
    <point x='684.8113' y='0.024999978'/>
    <point x='705.8862' y='0.024999978'/>
    <point x='705.8862' y='0.02499929'/>
    <point x='726.8862' y='0.025001125'/>
    <point x='726.8862' y='-14.0'/>
    <point x='733.04535' y='-14.0'/>
    <point x='733.04535' y='0.024943734'/>
    <point x='813.3311' y='0.024943734'/>
    <point x='813.3311' y='-14.0'/>
    <point x='823.0' y='-14.0'/>
    <point x='823.0' y='-108.0'/>
    <point x='813.2447' y='-108.0'/>
  </room>
  <room id='room-3e70f9d4-78ed-42f4-81d7-03a8df9795b7' level='level-f0e822ed-2131-4058-a0be-5988e77fda71' name='Workshop' areaVisible='true' floorColor='FFF0F0F0'>
    <point x='-14.0' y='406.0'/>
    <point x='-14.0' y='778.0'/>
    <point x='-471.0' y='778.0'/>
    <point x='-471.00003' y='406.0'/>
  </room>
  <room id='room-897ca285-918b-4cbe-8ad6-3e3d01d37ec3' level='level-f0e822ed-2131-4058-a0be-5988e77fda71' name='Terrace' areaVisible='true' ceilingVisible='false'>
    <texture attribute='floorTexture' name='Pavement' creator='Scopia' catalogId='eTeksScopia#pavement' width='120.0' height='120.0' image='90'/>
    <point x='780.5619' y='806.0'/>
    <point x='780.5619' y='955.9999'/>
    <point x='-499.0' y='955.9999'/>
    <point x='-499.0' y='806.0'/>
  </room>
  <room id='room-d0c0de97-cb11-457f-ad98-1e2f7842a401' level='level-f0e822ed-2131-4058-a0be-5988e77fda71' areaVisible='true' ceilingVisible='false'>
    <texture attribute='floorTexture' name='Soil' creator='Scopia' catalogId='eTeksScopia#soil' width='100.0' height='100.0' image='91'/>
    <point x='780.5619' y='806.0'/>
    <point x='831.75' y='806.0'/>
    <point x='831.75' y='955.9999'/>
    <point x='780.5619' y='955.9999'/>
  </room>
  <room id='room-d99ab14b-9efc-4d5c-b0ae-0230497831e5' level='level-f0e822ed-2131-4058-a0be-5988e77fda71' areaVisible='true'>
    <texture attribute='floorTexture' name='Beige tiles' creator='eTeks' catalogId='eTeks#beigeTile' width='20.0' height='20.0' scale='1.25' image='92'/>
    <point x='699.5415' y='399.4657'/>
    <point x='822.99994' y='398.0'/>
    <point x='822.99994' y='510.73288'/>
    <point x='699.5415' y='510.73288'/>
  </room>
</home>